section,metric,value
dataset,train_rows,560000
dataset,test_rows,38000
train_classes,negative_count,280000
train_classes,positive_count,280000
train_classes,negative_percent,50.0
train_classes,positive_percent,50.0
test_classes,negative_count,19000
test_classes,positive_count,19000
test_classes,negative_percent,50.0
test_classes,positive_percent,50.0
train_review_length_words,min,1
train_review_length_words,mean,133.0288732142857
train_review_length_words,median,97.0
train_review_length_words,std,122.61150384554489
train_review_length_words,p90,282.0
train_review_length_words,p95,372.0
train_review_length_words,p99,608.0
train_review_length_words,max,1052
test_review_length_words,min,1
test_review_length_words,mean,132.55863157894737
test_review_length_words,median,97.0
test_review_length_words,std,121.21501984499346
test_review_length_words,p90,281.0
test_review_length_words,p95,367.0
test_review_length_words,p99,603.010000000002
test_review_length_words,max,1007
train_data_checks,missing_text,0
train_data_checks,empty_or_malformed_text,0
train_data_checks,missing_label,0
train_data_checks,malformed_label,0
test_data_checks,missing_text,0
test_data_checks,empty_or_malformed_text,0
test_data_checks,missing_label,0
test_data_checks,malformed_label,0
