model,slice,count,macro_f1,error_rate
Model 1 - Mean-Pooled Embedding Baseline,length_short_0_50,9037,0.9358995028798628,0.0614141861237136
Model 1 - Mean-Pooled Embedding Baseline,length_medium_51_200,21017,0.9391903864009952,0.0608079174001998
Model 1 - Mean-Pooled Embedding Baseline,length_long_201_plus,7946,0.9278228800880282,0.0683362698212937
Model 1 - Mean-Pooled Embedding Baseline,negation_present,27918,0.9312481598543848,0.0665878644602049
Model 1 - Mean-Pooled Embedding Baseline,negation_absent,10082,0.931262260375202,0.0512795080341201
Model 2 - DPCNN,length_short_0_50,9037,0.9461983428260976,0.0518977536793183
Model 2 - DPCNN,length_medium_51_200,21017,0.9536401882402544,0.04634343626588
Model 2 - DPCNN,length_long_201_plus,7946,0.9422960833228496,0.0536118801912912
Model 2 - DPCNN,negation_present,27918,0.9495972652763428,0.0483200802349738
Model 2 - DPCNN,negation_absent,10082,0.9327765210923884,0.0515770680420551
Model 3 - TextCNN,length_short_0_50,9037,0.945185331051734,0.0523403784441739
Model 3 - TextCNN,length_medium_51_200,21017,0.9540847818518864,0.045915211495456
Model 3 - TextCNN,length_long_201_plus,7946,0.9458249407890356,0.0509690410269317
Model 3 - TextCNN,negation_present,27918,0.9496048458805456,0.0486782720825273
Model 3 - TextCNN,negation_absent,10082,0.9352047091129516,0.0480063479468358
