metric,value
run_id,20260925_163912
train_cross_entropy_loss,0.606602
validation_cross_entropy_loss,0.580865
perplexity,1.787584
bits_per_character,0.838011
generalization_gap,-0.025737
top1_next_character_accuracy,0.814389
average_gradient_norm,0.311110
minimum_gradient_norm,0.2431
maximum_gradient_norm,2.2054
loss_spike_count,0
nan_or_non_finite_loss_count,0
parameter_count,10834176
training_tokens_per_sec,71314.54
generation_tokens_per_sec,96.37
peak_memory_gb,0.823
total_training_time_seconds,12550.20
distinct_1,0.074000
distinct_2,0.334669
distinct_3,0.610442
repeated_4gram_rate,0.255533
