category,test_index,true_label,predicted_label,positive_probability,confidence,review_length_words,error_type,observation,testable_fix,review_text
Confident false positive,29330,0,1,0.999907612800598,0.999907612800598,30,Possible label noise,The review is strongly positive from start to finish even though the stored label is negative.,"Audit or relabel ambiguous training examples, or use a loss that is more robust to noisy labels.","Wow love the place and everything is very clean and new!\n\nGreat place to come and relax worth a try!\n\nCheers,\n\nEric Van Nguyen\nVisited April 2012"
Confident false positive,17407,0,1,0.9996108412742616,0.9996108412742616,713,Long mixed review and truncation,"The review starts with a very positive earlier visit and later turns negative. With a 384-token limit, the model can over-weight the positive section.",Use head-and-tail truncation or sentence-level pooling so the end of long reviews is retained.,"This was my second time dining at Company. And unfortunately, it will probably be the last. Maybe that's not fair. I'll explain.\n\nI first dined at Company back in June. My party of six was seated by a waiter and looked after very attentively by three support servers clad all black pants, collared shirts and aprons. I felt a little under-dressed. The menu was upscale comfort food. My friend Katie gave me part of her delicious lobster BLT. My friend Colton gave me two spoonfuls of deliciously creamy mashed potatoes and the best creamed spinach I have ever had. I had the special that night, which was the jambalaya. It was fantastic. And there was so much of it, I couldn't even finish it all. Overall, I had a great experience and vowed to return.\n\nOver Thanksgiving weekend, I found out that a friend and I  would be staying at the Luxor for the Criss Angel show Believe (see that review before you go). I quickly made reservations for Company. I couldn't wait to show off this place that I \""""knew\"""". And I wore a jacket and nice shoes this time too. \n\nThe restaurant looked exactly the same as it did in June. Only now the waiters were clad in black t-shirts that had the word \""""Company\"""" silkscreened across them. The very friendly waiter asked if I had dined here before. I proudly told him \""""Yes. Last June.\"""" To which he said \""""Oh. So you were here before our concept change.\"""" Concept change? Uh boy. He continued his rotely memorized patter \""""What our concept is now is that we take classic Western dishes and we combine them with Eastern ingredients to deliver small tasting plates with great variety.\"""" My heart and stomach sank. \""""So this is like an East/West tapas menu? Right?\"""" To which he said \""""I'm glad you said that. That's a very good way of describing it.\"""" I checked in with my friend. It wasn't a deal breaker for him. So we soldiered on.\n\nThe menu is divided into four sections: Sea, Sky, Land and Earth. We both ordered an item from each category.\n\nSEA: Seared Tuna w/ lemon, olive oil, wasabi greens - There was so little of this dish, I barely remember it.\nLumb Crab Gratin w/shitake mushroom, bacon, leek and cotija cheese- This was really good. I'd like another portion of this. And to top it off, it was served in the same cast iron gratin dish that they used to serve the creamed spinach in. WHERE ARE YOU CREAMED SPINACH?\n\nSKY: Organic Duck Confit Potstickers- They were okay. I've never understood why you would hide duck confit in a potsticker that you are going to dip in a sauce.\nChicken Breast w/mushroom ragout- The Eleanor Rigby  of this menu\n\nLAND: SoHo Kobe Beef Slider- Very good. But their current prevalence on so many gastropub menus didn't make me feel like it was anything terribly special. \nFilet of Beef w/brandy cream and melted leek- Good. Not really sure what a melted leek is though, either before or after I ate it.\n\nEARTH: Gruyere Cheese Puffs w/chive creme fraiche and lobster oil- On the dry side. This was the one dish that remained the longest on the table due to neither of us fighting over it.\nChili Garlic Asparagus- Really good. Strands of baby asparagus. Glad it came out with the steak too.\n\nOverall, it was good food. After finishing all of the entrees, the waiter asked if we were still hungry. I answered with a qualified YES. He offered to bring the menu back. But I was thinking more about walking across the street to the Dan Marino Steakhouse at Hooters. Now THERE'S fine dining ;-). I capped off the meal with a dessert of Earl Grey chocolate cake with almond ice cream. SOOOOOO TINY. \n\nI guess I'd go to Company again. But I'd only bring a certain group of people with me. Their concept change has radically changed my concept of dining there. Good place for foodies to knock off a bunch of plates. Bad place for someone who hasn't eaten since the Chick-Fil-A four hours away in Upland, California."
Confident false positive,12495,0,1,0.9995806813240052,0.9995806813240052,65,Mixed sentiment,"Positive food words dominate, while the negative judgment is mainly about price and overall preference.",Add aspect-aware pooling so food quality and value can contribute separately.,"Nice place, good decor.\n\nA little slow on the service part.\n\nSushi makes up for it.\n\nI enjoyed the baked rolls very much.\nSalmon tasted good.\nCalamari was surprisingly yummy.\nJ Roll came out cold. (Deep fried roll)\n\nAYCE: $26.99 dinner. \nExpensive..\n\nI've had better, but I just like the location.\nDon't come too often. Kaya all the way."
Confident false positive,22663,0,1,0.9993140697479248,0.9993140697479248,191,Aspect conflict,"Food, service, and ambience are described positively, but price and value drive the negative label.",Use sentence or aspect-level features instead of one global pooled decision.,"About average so far as steakhouses go. My rib eye was very tasty but a little over cooked. I didn't complain because the flavor was still fantastic. I thought the process were quite out of order. I've had better for sell. Over all I'd say they are more for show than content. If you want to have a great high end steak I'd recommend Ruth Chris, LG's, Flemings, or Morton's. If you want to show off how much money you have to or make it rain, Jean Georges is the place. The offered a pork chop for $99 and a special cut steak for $199.  For those prices I'll personally fly anywhere in the country and serve you the best steak you ever had. If you were not born with a silver spoon in your mouth and you have good financial values, you should probably go somewhere else. If your friends are named Justin B, Diddy, or snoop, and your second car just happens to be a Bentley, You'll fit right in. Service good, Ambiance great, Food Fantastic, Service A+, Bottom line, Oh Damn! Bring the Platinum or the Black Card."
Confident false positive,35584,0,1,0.9992119073867798,0.9992119073867798,147,Mixed pros and cons,The review contains strong positive phrases about the massage along with clear service complaints.,Train with sentence-level sentiment aggregation to handle opposing aspects in one review.,"Got a $10 for $20 check in deal with yelp. Me and my girls really needed a massage after walking around Vegas all night in our 6 inch heels. Pros: amazing decor, skilled massages, tea service afterward. Cons: staff is awkward. My sister's therapist answered TWO cell phone calls during her hour service. Therefore she was done about 12 minutes after the rest of us. Checkout took about 10 minutes because no one seemed to know how to work the credit card machine. Despite all the strangeness this was the best hour of my life. My advice is to wear a camisole and capri pants so your therapist can get to your skin easier. Also, disclaimer : this isn't your lay on a table and get rubbed down with lotion massage. You will get pounded/knuckled/grinded on and it will hurt (but it feels sooo good afterward)."
Confident false negative,29494,1,0,1.598290509718936e-05,0.9999840170949028,333,Update reversal,A strongly negative original review is followed by a later update describing the owner trying to fix the problem.,Give more weight to explicit update sections or use recency-aware sentence pooling.,"UPDATED. \n\nMy initial very frustrated and dramatic review read as follows:\n\nBililng practices are at best negligent and at worst fraudulent.  \n\nI started going to the studio per a groupon.  I enjoyed the experience so much that I purchased a discounted 20 pack of classes.  When I purchased the classes, my credit card was charged.  However, the purchase didn't show up in my online account so I couldn't schedule classes.  I called The Studio and they told me that they'd credited the classes to another student but they did remedy the situation. \n\nFast forward about 6 months and I am reviewing my credit card statement.  Lo and behold a mysterious charge from the Studio shows up for $130.  I have not even been back there in months and certainly have not authorized any transactions to this business.  I am now disputing the charge via my credit card. \n\nThe yoga is great but all these terrible billing practices make it not worth your time in the long run.\n\nUpdates:\n\nAfter reading this, the studio owner went out of her way to contact me to try and correct the error.  She contacted me several times over a month and offered to resolve the issue in minutes if I called her.  I couldn't manage to find time to call her, but she refused to give up and tracked down my information and resolved the situation in a way that goes above and beyond what can be expected from a business owner.  I can certainly say that although I was frustrated by the two billing mixups, this business went out of its way to accomodate and help me, even when I couldn't go out of my way to try and correct the error.  I am thus updating my review to 4 stars- not quite 5 due to the initial errors- but they certainly get 5 for the way they managed this.  \n\nAlso, as previously mentioned, the yoga is great."
Confident false negative,30366,1,0,4.407383676152676e-05,0.9999559261632384,178,Mixed overall rating,"The food and waiter are praised, but the birthday request and manager response are criticized.",Use aspect-level sentiment features and combine them before the final prediction.,"We have eaten at the restaurant several times as we enjoy the food and last night brought friends (another couple) as it was one of their birthdays.  In the afternoon called and spoke with a hostess to tell her would like \""""happy birthday\"""" written on the plate on whatever dessert was ordered.  When we arrived at the restaurant ran in ahead and mentioned it to the hostess (different than the one spoke with on the phone).  When we did in fact order dessert there was no acknowledgement of a birthday with either a candle or writing on the plate.  It was a very slow evening so no excuse about being busy but just that the messages were not relayed to the waiter (who was very good by the way and not his fault).  This was disappointing as we wanted to finish off the evening with that surprise.  Called the manager this morning who apologized but absolutely no offer of a gift card for a dessert that could make this up to my friend.  That was not good business."
Confident false negative,30086,1,0,5.762466753367335e-05,0.9999423753324664,87,Context and label ambiguity,"The text reports that the business closed and gives business advice, while the chef is still described positively.",Flag low-agreement examples for review and use robust training for ambiguous labels.,"Went there yesterday and found that the place has just CLOSED.  Another victim of a good chef with a bad location and business planning.  \n\nHint for future restauranteurs:  Don't open a Scottsdale restaurant in the summer unless you have the cash to survive with no business till the following March, advertise heavily, and don't locate your business where customers coming from one direction have to make a U-turn to get there, particularly if there's no good signage.\n\nThe Stacy's location in Phoenix remains open."
Confident false negative,29600,1,0,8.875710045685992e-05,0.9999112428995433,58,Local negative phrase dominates,"The phrase ""Terrible joke, sorry"" is negative, but the review then says the food is decent and recommends an order.",Use wider context around sentiment words so isolated negative phrases do not dominate.,"Jimmy Johns is so fast, and with all that extra time I get back, I like to take my gold over to the \""""i buy gold\"""" place right next door.\n\nTerrible joke, sorry.\n\nI dunno it's decent food, and they got crushed ice. My favorite order is a turkey tom with mustard. Check it out. :D"
Confident false negative,22807,1,0,9.888391650747508e-05,0.9999011160834924,102,Edited review conflict,"The opening edit says service improved, but most of the remaining text describes the older negative experience.",Detect edited or updated sections and weight the newest statement more heavily.,"EDIT: They really did change the service up since I last posted this.\n\nHorrible service.\n\nUsed to be my favorite pizza in the city (at a reasonable price), but I'm rethinking that. We just had an altercation with a server who refused to split a check when we were paying with cash. He then proceeded to disrespect the party at the table, telling us to 'not give him attitude about it.'\n\nSorry Bella Notte, but we're not children. I don't care if you're working hard - it doesn't give you any excuse to disrespect your paying customers like that."
Near-threshold error,15220,1,0,0.4999284744262695,0.5000715255737305,67,Mixed sentiment near threshold,"Positive comments about having fun are offset by a complaint about rude service, leaving the model almost exactly at 0.5.",Use sentence-level scores to separate experience quality from service quality.,"Tryna have a good time ASAP?! 44 Magnum + 2 extra shots.\nYou'll definitely be on a good level while enjoying Vegas.\n\n*warning if yo dont wanna experience flavored vodka i guess sticking with one extra shot will still give you some level.\n\nEh, felt like customer service was whatever. seemed a bit rude serving but its understandable to those who wanna just have fun ."
Near-threshold error,25008,0,1,0.5000944137573242,0.5000944137573242,145,Factual negative review near threshold,"The review is mostly factual and numerical, with relatively few common sentiment words.",Add character or phrase features that capture cautionary language and negative framing.,"CAUTION---In spite of the similar name, they are NOT the American Cancer Society.  They called me tonight seeking a donation, and when I interrupted the fast-talking womans script to ask how much money goes to fund-raising expenses, she answered it was an 85%/15% split.\n\nShe paused right there, and asked if \""""These special women can count on me\""""; so I asked my follow up question. \n\nAnd I learned that 85% is the share that goes to pay for admin and fundraising, and only 15% goes to \""""These special women\"""".  Like any charity, they are required to file a 990c form with the IRS and it shows that they had revenue of 48.5 million dollars.  I looked at part IX, line 2 and saw that they only provided 1.6 million dollars to grants to recipients in the USA."
Near-threshold error,1161,0,1,0.5001839399337769,0.5001839399337769,25,Sarcasm,The negative point is expressed indirectly through the joke about waiting for Christmas.,Add training examples with sarcasm or use a context model that can learn indirect sentiment cues.,Be sure to ask if your car is ready yet. They forget to announce it sometimes and leave you in the lobby waiting for Christmas.
Near-threshold error,5144,1,0,0.4997949302196502,0.5002050697803497,47,Negation and reference,"The sentence about Sarah Palin is a joke using negation, while the rest of the bookstore review is positive.",Use stronger negation handling and contextual phrase features rather than isolated word cues.,"I started picking up books here for class, and began to really appreciate their other selections.  Certainly not a place to look for Sarah Palin's autobiography - plus one star for that.  They've also got a cool rack of zines and a bunch of bumper stickers as well."
Near-threshold error,5443,0,1,0.5009725689888,0.5009725689888,44,Weak sentiment or label noise,The text is mostly neutral to positive and does not contain a clear negative opinion despite the negative label.,Audit weakly expressed labels and use confidence-aware training for uncertain examples.,Really cool lights at the fair tonight look to the north and see such a delight.\nWell last night was the last day of the fair is closed it's gone now for next year but they will be the next fair in the spring.
Slice-specific failure,25750,0,1,0.5217784643173218,0.5217784643173218,965,Long review and tail truncation,A long history of good service is followed by a pricing dispute. Important final context can be lost after 384 tokens.,Use head-and-tail truncation or hierarchical sentence pooling for long reviews.,"I've been a customer here for a number of years.  Always had good service until recently.  I went into the store to have batteries and service done on five watches.  While I was there I noticed they started carrying Glycine watches which I've had my eye on for a while.\n\nA young salesperson quoted me a price of $2,900.00 for one of the Airmen Multi-Time Zone watches that they were selling on consignment.   I knew it was a good price but needed to think on it.  When I got home my wife said she would buy it for me for Father's day so I turned right around the same afternoon (less than 30 minutes later) and when back to the store.\n\nWhen I returned, I was told by the salesperson that he misquoted the price and he had actually quoted me cost.  He then said it was $7,875 for the same watch.  I reminded him what he quoted me and offered a price of $3,500 which made him $600 profit and I would still feel like I got a good price.  I felt it was very reasonable of me to do that in light of the salesperson's mistake.  This way, he wins, I win.\n\nThe salesperson left and spoke with David Donaldson the owner and returned with a price of $6,300.  I told him that I drove all the way back specifically based on the $2,900 price I had originally been quoted.  David then came out and told me that the salesman was new (he isn't...he's been there for at least six months as he helped me the last time I had a battery replaced) and that he couldn't afford to sell the watch to me at that price and furthermore he was willing to lose a customer over his salesperson's mistake.  He said he couldn't afford to sell me the watch because he was a small business owner and it would cost him a month's rent.\n\n$3,500 minus $2,900 = $600 profit for a watch that he had less than a week.  Pretty good return in my book.  \n\nI'm in sales and have people work for me too.  When one of my guys quotes a price and it's wrong, I have to eat it.  I may not like it but it's the right thing to do.  It has cost me thousands of dollars before, but it's the right thing to do.  THE CUSTOMER IS ALWAYS RIGHT. \n\nSo yes Dave you have lost a customer but in the world of online reviews and customer satisfaction, the way you treated me will cost you a lot more in missed business from people who read this review and won't like the way you do business.  It's called opportunity loss and your treatment of me will cost you a lot more than the missed excess profits you lost from being disrespectful and unreasonable with a good customer.  Remember, I offered you a price above cost to be fair and you still treated me poorly.  \n\nI then got a call from them the next day asking me to come pick up the watches I had left there for repair.  Really?  How childish and immature is that?  I gladly picked them up.\n\nI then found the exact Glycine watch and serial number listed for sale for $1,795 on www.chrono24.com by Feel Good Watches, Inc. a Scottsdale, AZ reseller. So the watches weren't even owned by Donaldson to sell, but rather were gray market watches that were put in his store on consignment.  I confirmed this with Feel Good Watches personally who indicated the watches were owned by a third party, most likely another jeweler.  David Donaldson was not only trying to gouge me in price, but he was selling gray market watches himself which I think is funny considering the owner's post below referencing other gray market watch resellers.   This just goes to show they are liars and dishonest.  The owner  makes reference in her response to not being able to sell below cost...the cost was $1,795 dollars which was the price the exact watch was available for sale on chrono24.com.  Secondly...I find it ironic they refer to cost when they in fact didn't even own the watches in the first place.\n\nThe owner has made a statement that the watches were properly marked and price.  This is a lie. There was no price tag on the watch.  I know that because the tag on the watch has a number of 3883 on it which I asked if this was the original price and I was told it was the watch model and serial numbers.  The salesperson then quoted me a price of $2,900 and told me what a great price that was.   The salesperson knowingly quoted me the price and even though he had been there 90 days, I would hardly say he was new.    The salesperson  didn't hesitate at all in quoting me the original price of $2,900.  There was no miscommunication on my part.\n\nBOTTOM LINE.  AS BUSINESS OWNERS YOU SHOULD BE ASHAMED OF THE LIES YOU CONTINUE TO CREATE.  YOU SHOULD JUST COME CLEAN.  DO NOT BUY A WATCH FROM THIS BUSINESS AS NOT ONLY IS DAVID DONALDSON DISHONEST, BUT SO IS HIS WIFE.  I guess the whole mix up was a blessing in disguise as I would have way overpaid for the watch and I could have gotten it for half what I had offered him in good faith.  Buyer beware.  I'm going to stick with a different brand now and I'll never set foot in this poor business again.  Neither should you.\n\nCONSUMERS BEWARE!"
Slice-specific failure,25266,0,1,0.9951266050338744,0.9951266050338744,963,Long mixed narrative,The review mixes excited positive hotel descriptions with a severe complaint. Many positive local phrases can overwhelm the overall negative outcome.,Aggregate sentiment across sentences and give stronger weight to explicit complaint sentences.,"HUGE COCKROACH IN BATHROOM OF OUR ROOM!!!! \nLet me begin by saying how excited my husband and I were for this trip, and especially to stay at The Cosmopolitan - the newest, hottest hotel on the strip. We've stayed at 5 different other 5 star hotels so far in previous visits, but were sure this one looked even better. We've had this trip planned for over a year and met friends out there whom we hadn't seen for just as long. We arrived Thursday night, and were immediately blown away by the lobby. We looked at each other as we stood in line to to check-in, \""""Oh yes, this has got to be the nicest hotel built in Vegas yet.\"""" Excitedly we went up to our room in the East tower. I found it cute when the woman who checked us in said, \""""I put you guys in the East tower because it looks like you want to have fun.\"""" We rode up to the 22nd floor - headed to room 2288. The 1 bedroom suite was seemingly a dream suite for a 4 night stay in Vegas! Spacious with a jacuzzi overlooking our balcony, and a good sized kitchen area! I took pictures and proudly showed off where we were staying on facebook right away - with the caption \""""By far the best rooms in Vegas to stay in - better than Encore even!\"""" We quickly unpacked all of our things into the drawers of the bathroom, and hung all of our nice clothing. We had already grabbed drinks and snacks from Walgreens across the street, so our little mini fridge was set to go as well. We were settled in nicely, waiting for our friends to arrive from across the country. Now is where the tables turned fast about this place. I opened the door to the toilet (small room that is sectioned off from the bathroom), and had already started to crouch and sit my behind down when there it was - fast and bright copper, about the size of the width of a credit card, was a COCKROACH - right on top of the toilet, crawling on the spare roll that the hotel has wrapped in blue silk. I've never jumped and screamed so fast in my life out of that room, straight onto the couch where my hands met my face in immediate tears. My husband looked at me in horror asking what happened. I told him in panic as I checked my skin over and over for creepy crawlers. He went and checked, (admitted to not believing me when I first said it to him), and came out smiling , \""""Wow you're right. And he's a big boy too.\"""" The first thing he did was get a good picture of it too. I screamed at him in more tears, \""""It's not funny!! Grab all of our stuff right now! We need to leave!\""""He told me to calm down and call the front desk. I did just that, and a woman answered. I hurriedly told her what we just found in our room, and her immediate calm response was, \""""Oh alright, would you like me to put in an order to maintenance, to have someone come up there and get it for you?\"""" !!!!! \""""Excuse me?!! Get a maintenance guy is your response to this?! YES! & while we pack all of our stuff up, we cannot stay here! What can you do about this ma'am? I am horrified!\"""" in more tears. \""""I'm sorry but we're fully booked, it's a holiday weekend.\"""" I immediately demanded a manager, knowing I'm bound to get some sort of immediate solution and/or relief from whoever was to pick up the phone next. As a business owner myself, and manager, I would be furious with an employee who took such a coy approach to the disaster unfolding. Jeff, the night manager gets on the phone. I quickly get him up to speed, although I soon realize he was already prepared with what he said next. It was at least 3 minutes before I was put through to him, which felt like an eternity as I'm standing there, scratching my legs, arms and my eyes are scanning every inch of the room. He immediately takes the \""""friend\"""" approach with me and asks if it's ok to call me by my first name. \""""Rochelle, what would you like us to do about it? Don't worry, she already put in the order for it to be removed from your room. I don't know how long it will be though, we are very busy. I realize this is an unpleasant thing to find in your room, but I really can't move you anywhere else. We're booked solid, I'm sorry.\"""" In horror, and almost a squeal I said \""""JEFF, maybe you didn't hear me correctly, but I FOUND A MASSIVE COCKROACH in my room that I paid a lot of money for!! This is a 5 star hotel that I booked based off of great reviews and reputation. This is not OK, and whether there is an infestation of roaches on this floor or just one, its enough to make my skin crawl and feel absolutely filthy and paranoid obviously. I cannot stay here, especially not in this room or floor for that matter. Put yourself in my shoes! \"""" Manager Jeff continues, \""""I understand they're not a fun bug to look at, but I can assure you the whole time I've worked here no ones found one. They're like the moths that fly in guests' rooms sometimes, sometimes they're there. Nothing you can do but get used to the idea that you might find one from time to time. Hey Rochelle, I'm from Florida - they are everywhere there and it's the norm. He Chuckled."
Slice-specific failure,9911,1,0,0.4258752465248108,0.5741247534751892,951,Long mixed experience,The review contains many positive hotel details along with concerns about staff monitoring and other problems.,Use hierarchical pooling so the model can combine sentence-level evidence across the whole review.,"Gather around little Yelpers, let me tell you about my stay at ye ol' Treasure Island. No, but seriously get ready to hear it.\n\nWe had the penthouse suite here. Our room was beautifully decorated and looked real crisp. Being an all guys birthday weeknd, we wanted to go all out. As soon as entering the room, we immediately fired up the jacuzzi. And 10 minutes later there was water all over the floor due to my fellow comrade who thinks it's not a problem to cannonball indoors. The staff handled the situation pretty well actually. They hand soaked and air dryed the room while we were out and the room looked handy dandy when we returned that night.\n\nBeing a fairly rowdy group, being loud was a given. Things got a little wierd for us two days in. Our room was the first room on the hall we were in, and they actually had a person standing by our room 24/7. I asked why was this necessary, but the staff all told me they were doing what they were told by the relief and higher class. I'm conviced they were keeping an eye on us.\nThe pool area was exceptional. I mean, it's not a Wet Republic or Cancun, but it's a decent place to lounge around and sun bathe. The music selection was a hit or miss. Some days it was hopping and popping with an actual DJ, and some days it was like they were playing a radio. The drinks are actually really overpriced, but it is Vegas, so you can't really blame them. Anywho, the crowd here was pretty laid back and it was pretty obvious that everyone was hungover. We had brought a handle of Jameson down with us and had our own personal bar going. This goes against the rules, and the staff gave us a warning, but didn't confiscate the bottle until the second warning, when the bottle was already finished. We had forgotten our swimming wear back in the room, and made the executive decision to jump into the pool in our boxers. We weren't escorted out of the pool area, so i'm assuming this is okay if anyone considers this in the future.\n\nThe tables here are cursed, and do not pay out. Go somewhere else. No, but seriously, I had the worst luck on the tables. The cocktail waitresses returned fairly quickly with the water down drinks, and do not return to you if you don't tip them well. \n\nThe restauraunt selection here isn't the best. They have one place here open 24 hours that serves food that any late night diner would. We ate here a couple early mornings, and the food is as good as any drunk person looking for a quick bite would expect. The staff at the said restaurant were a hit and miss. Some were cooperative while others gave us the evil eye. My buddy and I came here one morning after a night of painting the town red, and we actually fell asleep after we ordered our food. After miserably failing to wake us up, the staff stored our food away until we woke up. No, they didn't remake our food, but instead saved it for us. I would've said something to them about giving us food that was not fresh, but during my sleep, I actually lost my phone and one of the employees here found my phone on the floor and returned it to me once I woke up. A truly sincere gesture when in Sin City. The food wasn't that good by the way.\n\nI felt bad for the maid that was in charge of cleaning our room. The pad looked like a tornado flew through it. After the second day I started tipping any houskeeper that passed by our room and showering them with compliments. It was the least I could do. Our room was always clean after we returned from the daily escapades, with the linen being fully stocked and our bathroom presentably clean. Nothing was stolen or taken either. \n\nWe ordered room service to go along with our pregame on one of the nights when we were getting ready. Aside from the aggressive lady that yelled at us because we took to long to order, the food was extroadinary. We ordered a bunch of finger food that cost us an arm and leg, but everyone was neatly wrapped and to my surprise, well prepared and cooked. \n\nLast but not least, the people in charge of customer service. We had initially asked for a room with a view of the strip, but we also really wanted a smoking room to hot box, but to our dismay, the only smoking room they had, did not have a strip view. So we ended up settling for the view of the not so infamous Trump Tower. My buddy who had initially booked the room, called customer service intoxicated, mind you. He complained to them about the hotel view we had and gave them a bogus story about how he was going to propose tomorrow night and needed a strip view. After speaking to many people he finally had a word with the manager who actually gave us a brand new penthouse with a strip view for our last day there. These people really made our trip memorable and cooperated with all our needs. \n\nI'm giving this place 4 stars because their are better places to stay at on the strip, but if you're not really trying to go all, this is not a bad hotel. It's also right next to the Wynn and Palazzo."
Slice-specific failure,4664,0,1,0.9289549589157104,0.9289549589157104,919,Long review and temporal contrast,"The first visit is described very positively and the second visit is negative. The early positive section can dominate, especially with truncation.",Keep both the beginning and end of long reviews and model temporal contrast between visits.,"I've been here twice.  It was like visiting two completely different restaurants.\n\nThe first time my girlfriend and I tried this place on a Friday night about a month ago, we loved it.  It's a small place, clean and inviting, with a neighborhood-hangout kind of vibe.  We'd heard the wings were good, and we weren't disappointed; the garlic Parmesan wings were a knockout.  We also had a Yinzer sandwich (very good), cheese sticks (also a winner), and some beer -- big damn $3 Yeunglings.  And to top it off, as we were leaving, the owner ran out to stop us -- we left such a large tip that he thought we'd forgotten money.\n\nGreat food, cheap beer, attentive service -- what was not to love?  We were DEFINITELY coming back.\n\nWell, tonight we came back.  Whoops.\n\nThey were short-staffed; the bartender and the cook were the only people working.  But they weren't that busy -- about ten or so people in the bar, with two in the dining room when we sat down and four more seated about fifteen minutes after us.  The bartender came over to get us drinks, and assured us the cook would be right out to take our orders.\n\nThe cook didn't get the memo.  After waiting a good twenty minutes, we flagged down the bartender as he was getting the newcomers' drinks.  When he saw we hadn't been tended to yet, he graciously took our order -- another Yinzer sandwich, some cheese sticks, and some more of those delicious garlic parm wings.\n\nAnd then came the waiting.  And the waiting.  And the waiting.\n\nI repeat, the only other diners ahead of us were a couple who already had their food.  A handful of carryout orders got filled.  Yes, they were short-staffed, but it was clearly a slow night.\n\nWe could see the kitchen from where we were sitting.  My girlfriend swears she saw some meat -- ham?  corned beef? -- fall out of a container onto the floor, which the cook promptly put back into the container, which went in the fridge.\n\nMaybe he was just putting it there to dispose of later.  Maybe the five-second rule is actually an official health department guideline.  Maybe it was just some ham-shaped candle wax.\n\nWe flagged down the bartender, and managed to convince him to refill my girlfriend's Pepsi and get me some water.  (To be fair, I'd been nursing my beer in vain anticipation of the food.)  He checked in on the food, and assured us it was almost ready.  We could see our sandwich spend a good fifteen minutes in various stages of assembly.\n\nThe other table of four seated after us was getting equally ignored.  One of the ladies complained into her phone that she was being held hostage.\n\nThe food arrived.  Eventually.  Most of it.  We got our sandwich -- now cold -- and our cheese sticks -- deep-fryer fresh! -- a good forty-five minutes after we ordered them, and well over an hour after we first sat down.  I repeat, nobody was ahead of us in the dining room when we sat.  The bartender advised us that the wings would be a few more minutes.\n\nBased on past experience, I estimated how long it would take them to bring us our check once we were finished, and asked for it immediately.\n\nAside from being cold, the sandwich was very tasty.  And the cheese sticks were as awesome as deep-fried cheese usually is.  We finished what food we had -- and there was still no sign of the wings.  \n\n\""""How many more minutes are those wings going to take?\"""" I asked the bartender.  He ducked into the kitchen to ask.  \""""Five more minutes,\"""" he said.\n\nTen minutes ago, it had been \""""a few more minutes.\""""  This kind of dialog is very funny in a Guy Ritchie movie.  Less so in your neighborhood bar.\n\n\""""Cancel the wings,\"""" I said.\n\nI threw down a twenty.  I'm pretty sure it covered what we ate.  No way in hell was I going to wait for change.\n\nI think the table behind us was packing up to leave as we walked out.  Poor souls.  They never got any of their food.\n\nSo.  If you visit Verdetto's, it would seem your experience will hinge on who's working that night.\n\nIf the owner is around, expect fast, courteous service and some of the most delicious bar food to ever come out of a deep fryer.  An easy four stars.\n\nBut if you got the guys we had ... the bartender, while hardly attentive, was prompt when directly cornered and at least had the decency to look embarrassed by the awful service.  I don't think the cook cared if we lived or died.  Zero stars.\n\nThe only other time I've ever said \""""Fuck this\"""" and left before my food arrived was when an ex-girlfriend and I went to a Primani Brothers in the Strip before a Deftones show; they only had three people working, and were completely crushed under the crowd.  Verdetto's had no such excuse.\n\nIf you're in the mood for cheap beer, good wings, and you're really feeling lucky, give them a try.  But if you have someplace you'd like to be afterwards, you'll want to go somewhere else.\n\n(Also, do note that the kitchen is closed on weekends.  Perhaps it's for the best.)"
Slice-specific failure,37318,0,1,0.9851257801055908,0.9851257801055908,906,Long setup before criticism,The review spends many tokens describing positive expectations before explaining why the experience was poor.,Use head-and-tail input or sentence selection so the final judgment is always visible to the classifier.,"The Yusho stands for \n\nYU SHOuld not go to this place.\n\nAt first i saw the sign and i was super excited I could not wait for this place to open it's doors because i love Japanese style grilling. Yakitori and Robatayaki is the best and they have noodles too? Bonus!!!!\n\nEvery time i drove by the sign \""""Yusho Japanese Grill & Noodle House\"""" I could just imagine myself eating tender cuts of charred chicken and steak off of skewers and then slurping up delicious noodles bathed in brothy goodness.  My mouth would water just at the thought of it.- I could not wait for this place to open its doors because it's such a perfect combo and there really is nobody on the strip doing this at a reasonable price.  \n\nBOOOM!....AWAKEN FROM THE DREAM.....\n\nAs i walked in i noticed was there was a lot of outdoor patio furniture clumsily arranged in front of the entrance...uh oh i felt a disturbance in the Japanese Feng Shui force. \n\nMaking my way into the restaurant i was greeted immediately by a very friendly staff, perhaps too friendly...........\n\nThe restaurant has a very simple atmosphere, not reminiscent of any kind street food dining i have ever encountered. It's more like this cafeteria i went to at Depauw University in Indiana that i was visiting back in 1998.   Dark wood colors and  a blend of white and yellow light that is confusing, mixed with bad fabrics and colors that don't match.  What ever happened to the good ol Japanese Feng Shui? I am not a feng Shui expert but if i was i would give it 1 Feng on a scale of 1-10 with 10 being a perfect Feng Shui.   There was definitely no Feng Shui Consultant involved in any part of the design of this place. \n\nThe articles have praised Yusho as a high end elevated take on Japanese street food. When i think of Japanese street food i think of carts lining the streets with smoke bellowing off grills as delicious cuts of meat on skewers are charring on the grill and ladles of noodles and steamy bowls of brothy goodness are being served in big bowls to a bustling crowd of hungry folk who only have a 15 minute lunch break.   \n\nOur order of elevated Japanese street food:\n\nChub sausage steamed bun -- No elevation here it was just terrible couldn't eat more than one bite.  Terrible blood sausage. Since when is Sweet and Gritty good?  I still get a little sick just thinking about it. \n\nDuck Leg w Steam Bun -- No elevation-- pretty standard on this if you want a little duck and some bread and you have $25 to spare this will do. If i was stuck on a deserted island with only a Yusho restaurant to survive i would probably just eat these. \n\nChicken Wings-- No elevation I like my wings with a little crispiness to them...there was no crispiness...  These were slimy and stuffed with a  filling that made it taste like a chicken meatball more than a wing.  No Yakitori or Robatayaki flavor goodness present. \n\nRamen Noodles-- Probably the worst non elevation--- Precariously balancing on the bowl was a  rectangular meat stick of what tasted like Panko crumb fried Bumble Bee Tuna. .... .......We were told it was pork.  Much better places for ramen in Vegas and at $22 for a small bowl this one made me really wish i could just beam myself out of there immediately.   Where's a federation starship when you need one?  \n\nThe hosts, server, busser provided excellent service.   Since this restaurant is part of the hotel we used our points for the meal and wanted to put a nice tip on a credit card because our waitress was the best ever and it's not her fault she has a terrible product to work with.  In comes a clueless aggressive girl manager who said they could not charge a tip on a credit card for the server and when i asked what they do when this happens she said that she encourages customers not to leave a tip. She reminded me of an angry badger. After a brief exchange of words where i educated her on the concept of protecting her staff.  She scampered away to try again and hallelujah she figured it out!  Obviously this is her first time as a restaurant manager. Sorry awesome staff your inexperienced angry badger manager is too lazy to help get you tips and is definitely the nail in the coffin for this place.  \n\nIf this food was not elevated  i think the tourists would like it and there would be a chance of success. Tourists won't like the food and when they have an issue the badger will crush them.   \n\nIt's just unbelievable that this  \""""elevated\"""" street food is elevated by non other than Matthias Merges the executive chef from the infamous Charlie Trotters in Chicago- Arguably the greatest restaurant in modern Chicago History.  The only thing elevated about this place is the price. \n\nMathias, i think it would be wise to make it an authentic Japanese street food experience.  Change the menu and concept and fire the clueless manager! \n\nOverpriced, non elevated bad  food, dull atmosphere, with good staff except for the badger.  YU SHOuld say Sayonara to Yusho."
